{
  "phase": "Phase 24b: Large-Scale Dual-Mode Brain (n=200)",
  "timestamp": "2026-02-20T12:26:57.761799",
  "elapsed_seconds": 1889.8,
  "n_factual": 100,
  "n_creative": 100,
  "n_total": 200,
  "results": {
    "static_factual": {
      "condition": "A: Static Factual",
      "factual_acc": 22.0,
      "factual_correct": 22,
      "factual_total": 100,
      "creative_novelty": 0.9367,
      "creative_grammar_rate": 98.0,
      "creative_total": 100,
      "sigma": 0.046
    },
    "static_creative": {
      "condition": "B: Static Creative",
      "factual_acc": 25.0,
      "factual_correct": 25,
      "factual_total": 100,
      "creative_novelty": 0.9388,
      "creative_grammar_rate": 96.0,
      "creative_total": 100,
      "sigma": 0.08
    },
    "dual_mode": {
      "condition": "C: Dual-Mode CfC",
      "factual_acc": 25.0,
      "factual_correct": 50,
      "factual_total": 200,
      "creative_novelty": 0.9328,
      "creative_grammar_rate": 92.5,
      "creative_total": 200,
      "mean_sigma_factual": 0.09815,
      "mean_sigma_creative": 0.11755,
      "sigma_separation": 0.0194,
      "all_sigmas_factual": [
        0.07509,
        0.07114,
        0.07203,
        0.06861,
        0.0708,
        0.07134,
        0.06915,
        0.07096,
        0.07215,
        0.07279,
        0.0702,
        0.06951,
        0.07032,
        0.06981,
        0.07069,
        0.07131,
        0.07076,
        0.06937,
        0.07022,
        0.0718,
        0.06905,
        0.07113,
        0.0698,
        0.07134,
        0.07276,
        0.06992,
        0.07297,
        0.07125,
        0.07285,
        0.07337,
        0.07198,
        0.07457,
        0.0776,
        0.07405,
        0.07569,
        0.07461,
        0.07674,
        0.07563,
        0.07842,
        0.07552,
        0.07824,
        0.07742,
        0.07946,
        0.07847,
        0.07974,
        0.08081,
        0.08295,
        0.0815,
        0.08526,
        0.08346,
        0.08265,
        0.08619,
        0.08199,
        0.08672,
        0.0852,
        0.08455,
        0.0838,
        0.08714,
        0.08827,
        0.0862,
        0.08815,
        0.08723,
        0.08653,
        0.08913,
        0.08791,
        0.09071,
        0.08894,
        0.09096,
        0.09306,
        0.08833,
        0.08845,
        0.0918,
        0.08953,
        0.09061,
        0.09677,
        0.09648,
        0.09514,
        0.09112,
        0.09941,
        0.09062,
        0.10212,
        0.09872,
        0.1014,
        0.09659,
        0.0999,
        0.09828,
        0.09885,
        0.10537,
        0.09998,
        0.10087,
        0.10095,
        0.10211,
        0.10761,
        0.10003,
        0.09535,
        0.10336,
        0.10355,
        0.09688,
        0.11194,
        0.09584,
        0.1085,
        0.10102,
        0.09655,
        0.1077,
        0.10702,
        0.09789,
        0.10913,
        0.10304,
        0.09624,
        0.09661,
        0.1001,
        0.11244,
        0.1048,
        0.11022,
        0.10656,
        0.0964,
        0.10581,
        0.11273,
        0.10504,
        0.09753,
        0.11252,
        0.0954,
        0.11503,
        0.10306,
        0.10064,
        0.11005,
        0.1095,
        0.11162,
        0.10714,
        0.09889,
        0.11366,
        0.11037,
        0.1321,
        0.10634,
        0.11127,
        0.10587,
        0.10545,
        0.11287,
        0.12349,
        0.10748,
        0.11351,
        0.10809,
        0.11933,
        0.11874,
        0.11792,
        0.11817,
        0.12191,
        0.11243,
        0.13236,
        0.11775,
        0.11329,
        0.12164,
        0.10311,
        0.11702,
        0.12434,
        0.10533,
        0.10906,
        0.11345,
        0.11904,
        0.11116,
        0.10977,
        0.11312,
        0.10832,
        0.10978,
        0.10981,
        0.11927,
        0.11585,
        0.12936,
        0.12222,
        0.11284,
        0.11794,
        0.11782,
        0.12104,
        0.11631,
        0.1119,
        0.10986,
        0.11438,
        0.10975,
        0.10522,
        0.11023,
        0.10326,
        0.11475,
        0.11405,
        0.11449,
        0.10832,
        0.10576,
        0.13737,
        0.11772,
        0.11814,
        0.11339,
        0.12119,
        0.12558,
        0.11353,
        0.11475,
        0.11396,
        0.12753,
        0.1297,
        0.14049,
        0.11384,
        0.12452
      ],
      "all_sigmas_creative": [
        0.0744,
        0.07246,
        0.07177,
        0.07172,
        0.06929,
        0.07068,
        0.07045,
        0.06982,
        0.0696,
        0.07309,
        0.07157,
        0.07146,
        0.07115,
        0.06984,
        0.07274,
        0.07051,
        0.07143,
        0.0714,
        0.07112,
        0.07142,
        0.07174,
        0.07158,
        0.07118,
        0.07272,
        0.07337,
        0.07199,
        0.07173,
        0.07347,
        0.07231,
        0.07508,
        0.07341,
        0.07303,
        0.07382,
        0.07468,
        0.07702,
        0.07527,
        0.07522,
        0.07525,
        0.07716,
        0.07734,
        0.07587,
        0.07854,
        0.07788,
        0.07869,
        0.08005,
        0.08128,
        0.07914,
        0.08148,
        0.08123,
        0.08113,
        0.08358,
        0.08225,
        0.08299,
        0.08348,
        0.08304,
        0.08474,
        0.08478,
        0.08609,
        0.08423,
        0.08506,
        0.08705,
        0.08541,
        0.08826,
        0.08658,
        0.09001,
        0.09039,
        0.09266,
        0.09467,
        0.09114,
        0.09712,
        0.09284,
        0.09534,
        0.09576,
        0.09697,
        0.09731,
        0.09912,
        0.10376,
        0.10241,
        0.09671,
        0.10584,
        0.10495,
        0.10466,
        0.10693,
        0.10567,
        0.10164,
        0.11089,
        0.10357,
        0.10981,
        0.10834,
        0.11352,
        0.10617,
        0.11898,
        0.10545,
        0.11815,
        0.12212,
        0.10808,
        0.12331,
        0.10872,
        0.12606,
        0.12008,
        0.11472,
        0.1073,
        0.11739,
        0.11224,
        0.12494,
        0.11628,
        0.12068,
        0.12818,
        0.12656,
        0.1137,
        0.12372,
        0.1107,
        0.12653,
        0.1328,
        0.11578,
        0.12155,
        0.12628,
        0.12325,
        0.12348,
        0.12821,
        0.13269,
        0.11427,
        0.13965,
        0.13609,
        0.13621,
        0.11258,
        0.13249,
        0.13129,
        0.14422,
        0.14529,
        0.11602,
        0.13318,
        0.11606,
        0.1416,
        0.147,
        0.11978,
        0.13851,
        0.14594,
        0.15504,
        0.12891,
        0.13543,
        0.14833,
        0.15238,
        0.13771,
        0.16083,
        0.15603,
        0.12825,
        0.16352,
        0.13467,
        0.14502,
        0.15786,
        0.1379,
        0.15177,
        0.15396,
        0.15145,
        0.15563,
        0.15754,
        0.1667,
        0.14885,
        0.15256,
        0.16797,
        0.14796,
        0.15975,
        0.15026,
        0.1699,
        0.1558,
        0.17147,
        0.16819,
        0.15102,
        0.16304,
        0.15931,
        0.16535,
        0.17014,
        0.17434,
        0.17252,
        0.17668,
        0.16925,
        0.16201,
        0.17199,
        0.17147,
        0.16222,
        0.16756,
        0.17585,
        0.17846,
        0.16502,
        0.1702,
        0.16849,
        0.17774,
        0.18303,
        0.17237,
        0.1741,
        0.176,
        0.18091,
        0.16753,
        0.17194,
        0.17733,
        0.17414,
        0.18265,
        0.177,
        0.17708
      ]
    }
  },