{
  "experiment": "Phase 45: D\u00e9j\u00e0 Vu Sensor",
  "model": "Mistral-7B",
  "elapsed_minutes": 2.2,
  "entropy_results": [
    {
      "prompt": "Q: What country has the most islands in the world?\nA:",
      "single_entropy": [
        2.0931358337402344,
        0.04402465373277664,
        2.581242799758911,
        0.41166430711746216,
        3.6389713287353516,
        2.3982956409454346,
        3.2875306606292725,
        6.967141151428223,
        1.0795176029205322,
        0.3626265525817871,
        0.3689419627189636,
        0.5898830890655518,
        0.5594688653945923,
        0.9600403308868408,
        1.3552207946777344,
        1.2550365924835205
      ],
      "first_pass_entropy": [
        2.1429381370544434,
        0.02674994245171547,
        2.290036201477051,
        0.1543503999710083,
        3.255042552947998,
        2.120560646057129,
        4.1636738777160645,
        6.708957672119141,
        1.410277247428894,
        1.3126606941223145,
        0.6772304773330688,
        0.4074077904224396,
        0.34692153334617615,
        0.3733590245246887,
        0.219876229763031,
        2.705716133117676
      ],
      "second_pass_entropy": [
        2.6350414752960205,
        1.159166932106018,
        0.48468661308288574,
        0.5208926200866699,
        0.11292992532253265,
        0.4230489134788513,
        0.025472257286310196,
        1.3401838541030884,
        0.2555750608444214,
        1.1074724197387695,
        0.033674515783786774,
        1.2530136108398438,
        1.0741400718688965,
        0.09068959951400757,
        3.3944056034088135
      ],
      "single_mean": 1.747,
      "first_mean": 1.7697,
      "second_mean": 0.9274,
      "entropy_drop": 0.8424
    },
    {
      "prompt": "Q: What is the scientific name for humans?\nA:",
      "single_entropy": [
        2.187486171722412,
        0.04008139669895172,
        2.0769810676574707,
        0.1133899837732315,
        0.7578510046005249,
        3.365297317504883,
        5.569431304931641,
        1.1138584613800049,
        4.288235187530518,
        1.377180814743042,
        1.5585709810256958,
        0.5800403356552124,
        0.017185894772410393,
        0.9339220523834229
      ],
      "first_pass_entropy": [
        2.1337170600891113,
        0.02777777425944805,
        2.1981232166290283,
        0.27027302980422974,
        0.5933709740638733,
        1.9834986925125122,
        5.704272270202637,
        1.1177418231964111,
        3.810272216796875,
        1.2297968864440918,
        0.2558104693889618,
        0.2526410222053528,
        0.005106893368065357,
        1.6288526058197021
      ],
      "second_pass_entropy": [
        4.522490501403809,
        3.44602108001709,
        0.5789316296577454,
        0.30808284878730774,
        1.198624610900879,
        0.9639794230461121,
        0.366519957780838,
        0.42284512519836426,
        0.310710072517395,
        2.0518436431884766,
        1.2776548862457275,
        0.4367440938949585,
        0.8232706189155579
      ],
      "single_mean": 1.7128,
      "first_mean": 1.5151,
      "second_mean": 1.2852,
      "entropy_drop": 0.2299
    },
    {
      "prompt": "Q: Which planet has the most moons?\nA:",
      "single_entropy": [
        2.1235787868499756,
        0.050165511667728424,
        2.3750905990600586,
        3.822334051132202,
        2.834963321685791,
        1.5601279735565186,
        2.9212486743927,
        5.357259273529053,
        0.021861158311367035,
        1.2247896194458008,
        0.5761665105819702,
        0.9038330316543579,
        0.14262712001800537,
        2.5979344844818115
      ],
      "first_pass_entropy": [
        2.14985728263855,
        0.04855162650346756,
        2.0390689373016357,
        0.007034906651824713,
        3.644033432006836,
        2.108442544937134,
        3.032085418701172,
        6.031361103057861,
        1.0543373823165894,
        1.439499855041504,
        0.7286226153373718,
        0.9141045808792114,
        0.3641098737716675,
        0.6352131366729736
      ],
      "second_pass_entropy": [
        1.6603739261627197,
        3.110645294189453,
        0.5030827522277832,
        0.6835588812828064,
        0.20678257942199707,
        0.1687389314174652,
        0.5831902623176575,
        0.5598410367965698,
        0.19673937559127808,
        1.4166793823242188,
        1.6827898025512695,
        0.03654320538043976,
        1.3423280715942383
      ],
      "single_mean": 1.8937,
      "first_mean": 1.7283,
      "second_mean": 0.9347,
      "entropy_drop": 0.7936
    },
    {
      "prompt": "Solve this math problem. Give only the numerical answer.\n\nQ: What is 17 + 28?\nA:",
      "single_entropy": [
        2.0609984397888184,
        4.632356643676758,
        3.3651630878448486,
        2.7911758422851562,
        2.2912750244140625,
        2.8191232681274414,
        3.949650764465332,
        2.155076503753662,
        2.2686896324157715,
        2.289269208908081,
        2.753746271133423,
        2.529895305633545,
        2.4116363525390625,
        0.08866743743419647,
        5.405944347381592,
        0.9518057703971863,
        4.151440620422363,
        2.1447761058807373,
        1.3499014377593994,
        2.0596883296966553,
        2.5208609104156494,
        3.8558058738708496,
        0.21323248744010925,
        1.9813563823699951,
        2.5455212593078613,
        2.7564046382904053,
        0.4135483503341675,
        0.3476373553276062,
        0.30455660820007324,
        1.648594617843628
      ],
      "first_pass_entropy": [
        2.1360437870025635,
        4.954458236694336,
        2.410027503967285,
        3.1342031955718994,
        1.6144688129425049,
        2.2739176750183105,
        3.6109819412231445,
        1.7784240245819092,
        3.1825146675109863,
        3.36942195892334,
        2.4976401329040527,
        2.3168225288391113,
        3.3532562255859375,
        0.25354087352752686,
        4.80361795425415,
        1.240943193435669,
        4.2808685302734375,
        2.3006715774536133,
        1.3688666820526123,
        2.0626189708709717,
        2.7338650226593018,
        3.5951085090637207,
        0.38355618715286255,
        1.9880181550979614,
        3.0602145195007324,
        3.243706226348877,
        0.1885593831539154,
        0.776193380355835,
        1.1448771953582764,
        1.4438247680664062
      ],
      "second_pass_entropy": [
        1.166136384010315,
        1.818331003189087,
        2.6050236225128174,
        0.18879041075706482,
        1.3297113180160522,
        3.444103479385376,
        0.27202320098876953,
        0.018230684101581573,
        0.8382091522216797,
        0.19527342915534973,
        0.9859731793403625,
        2.088228225708008,
        1.1783044338226318,
        4.047070026397705,
        0.18049056828022003,
        1.7156860828399658,
        0.13355053961277008,
        0.47240912914276123,
        0.9118253588676453,
        0.127419114112854,
        0.26113542914390564,
        0.07354232668876648,
        0.2837030589580536,
        0.02310604229569435,
        1.2249538898468018,
        0.5849335789680481,
        1.4188814163208008,
        0.5264688730239868,
        1.7486293315887451
      ],
      "single_mean": 2.3019,
      "first_mean": 2.3834,
      "second_mean": 1.0297,
      "entropy_drop": 1.3536
    },
    {
      "prompt": "Solve this math problem. Give only the numerical answer.\n\nQ: What is 15 \u00d7 15?\nA:",