{
  "experiment": "Phase 106: Conflicting Priors (Octal)",
  "model": "Qwen2.5-0.5B",
  "model_full": "Qwen/Qwen2.5-0.5B-Instruct",
  "n_layers": 24,
  "layer": 12,
  "hidden_dim": 896,
  "sigma": 0.3,
  "n_trials": 30,
  "n_problems_per_trial": 20,
  "timestamp": "2026-03-26 19:40:00",
  "conditions": [
    {
      "condition": "no_noise",
      "avg_accuracy": 0.0483,
      "std_accuracy": 0.0524,
      "trial_accuracies": [
        0.05,
        0.0,
        0.1,
        0.0,
        0.1,
        0.1,
        0.05,
        0.05,
        0.0,
        0.05,
        0.0,
        0.0,
        0.05,
        0.05,
        0.0,
        0.1,
        0.15,
        0.1,
        0.0,
        0.0,
        0.0,
        0.0,
        0.1,
        0.0,
        0.05,
        0.0,
        0.05,
        0.0,
        0.2,
        0.1
      ],
      "n_trials": 30
    },
    {
      "condition": "flash_noise",
      "avg_accuracy": 0.02,
      "std_accuracy": 0.0379,
      "trial_accuracies": [
        0.0,
        0.0,
        0.0,
        0.05,
        0.0,
        0.0,
        0.05,
        0.0,
        0.0,
        0.0,
        0.0,
        0.0,
        0.0,
        0.0,
        0.05,
        0.0,
        0.15,
        0.05,
        0.0,
        0.0,
        0.0,
        0.0,
        0.0,
        0.0,
        0.05,
        0.1,
        0.0,
        0.0,
        0.0,
        0.1
      ],
      "n_trials": 30
    },
    {
      "condition": "aha_flash",
      "avg_accuracy": 0.025,
      "std_accuracy": 0.0335,
      "trial_accuracies": [
        0.05,
        0.05,
        0.0,
        0.0,
        0.0,
        0.05,
        0.05,
        0.0,
        0.05,
        0.05,
        0.05,
        0.0,
        0.0,
        0.05,
        0.0,
        0.0,
        0.0,
        0.05,
        0.0,
        0.0,
        0.0,
        0.05,
        0.05,
        0.0,
        0.0,
        0.0,
        0.0,
        0.15,
        0.05,
        0.0
      ],
      "n_trials": 30
    }
  ],
  "statistical_tests": {
    "flash_noise_vs_baseline": 0.016481,
    "aha_flash_vs_baseline": 0.085162
  },
  "verdict": "PRIOR_TOO_STRONG",
  "figure": "C:\\Users\\kyjan\\\u7814\u7a76\\snn-genesis\\figures\\phase106_conflicting_priors.png",
  "elapsed_seconds": 5230.9
}