{
  "phase": "Phase 26: 3-Class Extension",
  "timestamp": "2026-02-21T03:07:28.759443",
  "elapsed_seconds": 342.5,
  "sigma_targets": {
    "factual": 0.046,
    "creative": 0.08,
    "math": 0.015
  },
  "result": {
    "condition": "PPO 3-Class",
    "factual": {
      "acc": 30.0,
      "correct": 12,
      "total": 40,
      "mean_sigma": 0.07226,
      "sigmas": [
        0.001,
        0.15,
        0.001,
        0.15,
        0.001,
        0.001,
        0.001,
        0.15,
        0.15,
        0.15,
        0.001,
        0.001,
        0.15,
        0.001,
        0.15,
        0.001,
        0.15,
        0.09158,
        0.12533,
        0.1322,
        0.001,
        0.001,
        0.001,
        0.15,
        0.15,
        0.001,
        0.001,
        0.15,
        0.15,
        0.001,
        0.02119,
        0.001,
        0.15,
        0.07522,
        0.15,
        0.15,
        0.01542,
        0.15,
        0.01232,
        0.001
      ]
    },
    "creative": {
      "novelty": 0.9409,
      "grammar_rate": 92.5,
      "total": 40,
      "mean_sigma": 0.08211,
      "sigmas": [
        0.001,
        0.01769,
        0.10424,
        0.09488,
        0.15,
        0.15,
        0.15,
        0.15,
        0.15,
        0.00121,
        0.02167,
        0.15,
        0.15,
        0.10424,
        0.00589,
        0.001,
        0.15,
        0.001,
        0.0051,
        0.001,
        0.07898,
        0.15,
        0.15,
        0.001,
        0.001,
        0.15,
        0.001,
        0.00184,
        0.15,
        0.15,
        0.001,
        0.15,
        0.13765,
        0.001,
        0.15,
        0.15,
        0.15,
        0.15,
        0.001,
        0.001
      ]
    },
    "math": {
      "acc": 27.5,
      "correct": 11,
      "total": 40,
      "mean_sigma": 0.07146,
      "sigmas": [
        0.15,
        0.15,
        0.001,
        0.15,
        0.001,
        0.001,
        0.001,
        0.05148,
        0.09291,
        0.001,
        0.15,
        0.15,
        0.001,
        0.15,
        0.09392,
        0.15,
        0.15,
        0.05727,
        0.15,
        0.001,
        0.15,
        0.001,
        0.15,
        0.001,
        0.001,
        0.001,
        0.05141,
        0.15,
        0.15,
        0.15,
        0.001,
        0.001,
        0.001,
        0.001,
        0.15,
        0.001,
        0.001,
        0.001,
        0.09335,
        0.15
      ]
    },
    "separations": {
      "f_c": 0.00985,
      "f_m": 0.0008,
      "c_m": 0.01065,
      "max": 0.01065
    },
    "sigma_drift": 0.00844,
    "unified_regime": 