{
  "phase": "Phase 33: Third Model Homeostasis (Phi-3-mini)",
  "timestamp": "2026-02-21T07:24:38.408095",
  "elapsed_seconds": 785.7,
  "model": "microsoft/Phi-3-mini-4k-instruct",
  "model_short": "Phi-3-mini",
  "target_layers": [
    14,
    15,
    16,
    17,
    18,
    19
  ],
  "sigma_targets": {
    "factual": 0.046,
    "creative": 0.08,
    "math": 0.015
  },
  "result": {
    "condition": "PPO 3-Class (Phi-3-mini)",
    "model": "microsoft/Phi-3-mini-4k-instruct",
    "model_short": "Phi-3-mini",
    "target_layers": [
      14,
      15,
      16,
      17,
      18,
      19
    ],
    "factual": {
      "acc": 25.0,
      "correct": 10,
      "total": 40,
      "mean_sigma": 0.07229,
      "sigmas": [
        0.001,
        0.15,
        0.001,
        0.15,
        0.001,
        0.001,
        0.001,
        0.15,
        0.15,
        0.15,
        0.001,
        0.001,
        0.15,
        0.001,
        0.15,
        0.001,
        0.15,
        0.09252,
        0.12588,
        0.13144,
        0.001,
        0.001,
        0.001,
        0.15,
        0.15,
        0.001,
        0.001,
        0.15,
        0.15,
        0.001,
        0.02212,
        0.001,
        0.15,
        0.0749,
        0.15,
        0.15,
        0.01552,
        0.15,
        0.01226,
        0.001
      ]
    },
    "creative": {
      "novelty": 0.9928,
      "grammar_rate": 67.5,
      "total": 40,
      "mean_sigma": 0.08207,
      "sigmas": [
        0.001,
        0.01719,
        0.1041,
        0.09509,
        0.15,
        0.15,
        0.15,
        0.15,
        0.15,
        0.00124,
        0.02124,
        0.15,
        0.15,
        0.10533,
        0.00652,
        0.001,
        0.15,
        0.001,
        0.00471,
        0.001,
        0.07745,
        0.15,
        0.15,
        0.001,
        0.001,
        0.15,
        0.001,
        0.00159,
        0.15,
        0.15,
        0.001,
        0.15,
        0.13736,
        0.001,
        0.15,
        0.15,
        0.15,
        0.15,
        0.001,
        0.001
      ]
    },
    "math": {
      "acc": 2.5,
      "correct": 1,
      "total": 40,
      "mean_sigma": 0.07129,
      "sigmas": [
        0.15,
        0.15,
        0.001,
        0.15,
        0.001,
        0.001,
        0.001,
        0.05096,
        0.0928,
        0.001,
        0.15,
        0.15,
        0.001,
        0.15,
        0.09257,
        0.15,
        0.15,
        0.05497,
        0.15,
        0.001,
        0.15,
        0.001,
        0.15,
        0.001,
        0.001,
        0.001,
        0.0494,
        0.15,
        0.15,
        0.15,
        0.001,
        0.001,
        0.001,
        0.001,
        0.15,
        0.001,
        0.001,
        0.001,
        0.09281,
        0.15
      ]
    },
    "separations": {
      "f_c": 0.00978,
      "f_m": 0.001,
      "c_m": 0.01078,
      "max": 0.01078
    },
    "sigma_drift": 0.00845,
    "mean_sigma_all": 0.07522,
    "unified_regime": false,
    "sigma_trajectory": [
      {
        "epoch": 1,
        "step": 0,
        "sigma": 0.001,
        "sigma_target": 0.0438,
        "type": "factual"
      },
      {
        "epoch": 1,
        "step": 1,
        "sigma": 0.15,
        "sigma_target": 0.0317,
        "type": "math"
      },
      {
        "epoch": 1,
        "step": 2,
        "sigma": 0.15,
        "sigma_target": 0.0384,
        "type": "math"
      },
      {
        "epoch": 1,
        "step": 3,
        "sigma": 0.15,
        "sigma_target": 0.0292,
        "type": "factual"
      },
      {
        "epoch": 1,
        "step": 4,
        "sigma": 0.001,
        "sigma_target": 0.0279,
        "type": "math"
      },
      {
        "epoch": 1,
        "step": 5,
        "sigma": 0.15,
        "sigma_target": 0.0271,
        "type": "math"
      },
      {
        "epoch": 1,
        "step": 6,
        "sigma": 0.001,
        "sigma_target": 0.0357,
        "type": "factual"
      },
      {
        "epoch": 1,
        "step": 7,
        "sigma": 0.001,
        "sigma_target": 0.0356,
        "type": "math"
      },
      {
        "epoch": 1,
        "step": 8,
        "sigma": 0.001,
        "sigma_target": 0.0666,
        "type": "creative"
      },
      {
        "epoch": 1,
        "step": 9,
        "sigma": 0.001,
        "sigma_target": 0.0262,
        "type": "math"
      },
      {
        "epoch": 1,
        "step": 10,
        "sigma": 0.15,
        "sigma_target": 0.0351,
        "type": "factual"
      },
      {
        "epoch": 1,
        "step": 11,
        "sigma": 0.001,
        "sigma_target": 0.0412,
        "type": "factual"
      },
      {
        "epoch": 1,
        "step": 12,
        "sigma": 0.01719,
        "sigma_target": 0.0758,
        "type": "creative"
      },
      {
        "epoch": 1,
        "step": 13,
        "sigma": 0.001,
        "sigma_target": 0.0266,
        "type": "math"
      },
      {
        "epoch": 1,
        "step": 14,
        "sigma": 0.05096,
        "sigma_target": 0.0263,
        "type": "math"
      },
      {
        "epoch": 1,
        "step": 15,
        "sigma": 0.001,
        "sigma_target": 0.0478,
        "type": "factual"
      },
      {
        "epoch": 1,
        "step": 16,
        "sigma": 0.0928,
        "sigma_target": 0.0265,
        "type": "math"
      },
      {
        "epoch": 1,
        "step": 17,
        "sigma": 0.001,
        "sigma_target": 0.029,
        "type": "factual"
      },
      {
        "epoch": 1,
        "step": 18,
        "sigma": 0.001,
        "sigma_target": 0.0269,
        "type": "math"
      },
      {
        "epoch": 1,
        "step": 19,
        "sigma": 0.1041,
        "sigma_target": 0.0533,
        "type": "creative"
      },
      {
        "epoch": 1,
        "step": 20,
        "sigma": 0.09509,
        "sigma_target": 0.0768,
        "type": "creative"
      },
      {
        "epoch": 1,
        "step": 21,
        "sigma": 0.15,
        "sigma_target": 0.0316,
        "type": "math"
      },
      {
        "epoch": 1,
        "step": 22,
        "sigma": 0.15,
        "sigma_target": 0.0772,
        "type": "creative"
      },
      {
        "epoch": 1,
        "step": 23,
        "sigma": 0.15,
        "sigma_target": 0.0555,
        "type": "creative"
      },
      {
        "epoch": 1,
        "step": 24,
        "sigma": 0.15,
        "sigma_target": 0.0463,
        "type": "factual"
      },
      {
        "epoch": 1,
        "step": 25,
        "sigma": 0.15,
        "sigma_target": 0.047,
        "type": "factual"
      },
      {
        "epoch": 1,
        "step": 26,
        "sigma": 0.15,
        "sigma_target": 0.0265,
        "type": "math"
      },
      {
        "epoch": 1,
        "step": 27,
        "sigma": 0.15,
        "sigma_target": 0.0776,
        "type": "creative"
      },
      {
        "epoch": 1,
        "step": 28,
        "sigma": 0.15,
        "sigma_target": 0.077,
        "type": "creative"
      },
      {
        "epoch": 1,
        "step": 29,
        "sigma": 0.15,
        "sigma_target": 0.0764,
        "type": "creative"
      },
      {
        "epoch": 1,
        "step": 30,
        "sigma": 0.00124,
        "sigma_target": 0.0766,
        "type": "creative"
      },
      {
        "epoch": 1,
        "step": 31,
        "sigma": 0.15,
        "sigma_target": 0.0264,
        "type": "factual"
      },
      {
        "epoch": 1,
        "step": 32,
        "sigma": 0.001,
        "sigma_target": 0.0273,
        "type": "factual"
      },
      {
        "epoch": 1,
        "step": 33,
        "sigma": 0.02124,
        "sigma_target": 0.0767,
        "type": "creative"
      },
      {
        "epoch": 1,
        "step": 34,
        "sigma": 0.15,
        "sigma_target": 0.0758,
        "type": "creative"
      },
      {
        "epoch": 1,
        "step": 35,
        "sigma": 0.15,
        "sigma_target": 0.0736,